16015536,null,16015536,0,0,false
1162575616015536,16015536,16015536,1,1,false
1162634216015536,16015536,16015536,10,1,false
1162637216015536,16015536,16015536,11,1,false
16016449,16016096,16015536,12,2,false
16016461,16015536,16015536,13,1,false
1162677816015536,16015536,16015536,14,1,false
16017089,16015536,16015536,15,1,false
1162730916015536,16015536,16015536,16,1,false
1162733816015536,16015536,16015536,17,1,false
1162743216017581,16015536,16015536,18,1,false
1162746416017581,16015536,16015536,19,1,false
1162590116015536,16015536,16015536,2,1,false
1162749516017581,16015536,16015536,20,1,false
1162750616016096,16015536,16015536,21,1,false
1162754516015536,16015536,16015536,22,1,false
1162756816017581,16015536,16015536,23,1,false
1162778516015536,16015536,16015536,24,1,false
1162780116015536,16015536,16015536,25,1,false
1162789716015536,16015536,16015536,26,1,false
1162798416015536,16015536,16015536,27,1,false
1162807316017581,16015536,16015536,28,1,false
1162808316015536,16015536,16015536,29,1,false
1162606716015536,16015536,16015536,3,1,false
1162826016015536,16015536,16015536,30,1,false
1162838216015536,16015536,16015536,31,1,false
1162840216015536,16015536,16015536,32,1,false
16018767,16015536,16015536,33,1,false
1162853516015536,16015536,16015536,34,1,false
1162854116015536,16015536,16015536,35,1,false
16018951,16015536,16015536,36,1,false
1162859216015536,16015536,16015536,36,1,false
16018986,16018951,16015536,38,2,false
1162870016015536,16015536,16015536,39,1,false
1162612116015536,16015536,16015536,4,1,false
1162878116015536,16015536,16015536,40,1,false
1162890116015536,16015536,16015536,41,1,false
1162908116015536,16015536,16015536,42,1,false
1162915716015536,16015536,16015536,43,1,false
1162966516015536,16015536,16015536,44,1,false
16020398,16015536,16015536,45,1,false
1162971716015536,16015536,16015536,46,1,false
1163029516018767,16015536,16015536,47,1,false
1163047416020398,16015536,16015536,48,1,false
1163057116015536,16015536,16015536,49,1,false
16016096,16015536,16015536,5,1,false
1163065816020398,16015536,16015536,50,1,false
1163072116020398,16015536,16015536,51,1,false
1163085016018767,16015536,16015536,52,1,false
1163093416020398,16015536,16015536,53,1,false
1163120216015536,16015536,16015536,54,1,false
1163143416015536,16015536,16015536,55,1,false
1163161316020398,16015536,16015536,56,1,false
1163197916015536,16015536,16015536,57,1,false
1163219116015536,16015536,16015536,58,1,false
1163228716015536,16015536,16015536,59,1,false
1162618516016096,16015536,16015536,6,1,false
16023871,16015536,16015536,60,1,false
1163617616015536,16015536,16015536,61,1,false
1163733516015536,16015536,16015536,62,1,false
16031375,16015536,16015536,63,1,false
16037898,16015536,16015536,64,1,false
1164420016015536,16015536,16015536,65,1,false
1165339816015536,16015536,16015536,66,1,false
16337198,16015536,16015536,67,1,false
1185428516337198,16015536,16015536,68,1,false
1189190816015536,16015536,16015536,69,1,false
1162627016015536,16015536,16015536,7,1,false
1250490316015536,16015536,16015536,70,1,false
1250495016015536,16015536,16015536,71,1,false
1250519516015536,16015536,16015536,72,1,false
1250538716015536,16015536,16015536,73,1,false
1250573316015536,16015536,16015536,74,1,false
1250946416015536,16015536,16015536,75,1,false
1251182316015536,16015536,16015536,76,1,false
1162629116015536,16015536,16015536,8,1,false
1162630416015536,16015536,16015536,9,1,false
